{"train/epoch": 30, "train/step": 8999, "train/loss": 0.0001905233511934057, "train/learning_rate": 1.7954728458328192e-06, "_timestamp": 1729478461.9244304, "_runtime": 1953.763322353363, "_step": 9000, "eval/perplexity": 1.0228750705718994, "eval/loss": 0.022617366164922714, "avg_train_prep": 1.000330126285553, "avg_train_loss": 0.00032992796041071416, "avg_eval_prep": 1.040264650185903, "avg_eval_loss": 0.037253203056752685, "avg_epoch_time": 63.519604255267765, "avg_checkpoint_time": 0.0711982373642968, "_wandb": {"runtime": 1953}}