{"train/epoch": 30, "train/step": 28979, "train/loss": 0.0008043753914535046, "train/learning_rate": 1.7954728458328192e-06, "_timestamp": 1729651588.5265672, "_runtime": 4145.555654287338, "_step": 28980, "eval/perplexity": 1.150589108467102, "eval/loss": 0.14027400314807892, "avg_train_prep": 1.001059623559316, "avg_train_loss": 0.001059008715674281, "avg_eval_prep": 1.1519501209259033, "avg_eval_loss": 0.1345130001505216, "avg_epoch_time": 134.59764114439992, "avg_checkpoint_time": 0.02172447370003283, "_wandb": {"runtime": 4145}}