{"train/epoch": 30, "train/step": 15089, "train/loss": 8.364972745766863e-05, "train/learning_rate": 1.7954728458328192e-06, "_timestamp": 1729501322.4364228, "_runtime": 2481.264532804489, "_step": 15090, "eval/perplexity": 1.0147799253463745, "eval/loss": 0.014671824872493744, "avg_train_prep": 1.0003613471984862, "avg_train_loss": 0.00036118979138943054, "avg_eval_prep": 1.0171252171198526, "avg_eval_loss": 0.01431767533843716, "avg_epoch_time": 80.73324967873631, "avg_checkpoint_time": 0.026864956233960888, "_wandb": {"runtime": 2480}}