{"train/epoch": 30, "train/step": 8999, "train/loss": 0.03907662630081177, "train/learning_rate": 1.7954728458328192e-06, "_timestamp": 1729475313.3001306, "_runtime": 1317.9340546131134, "_step": 9000, "eval/perplexity": 145.23880004882812, "eval/loss": 4.978379249572754, "avg_train_prep": 1.0524366656939188, "avg_train_loss": 0.05093656070530415, "avg_eval_prep": 21687.410263061523, "avg_eval_loss": 5.965861256917318, "avg_epoch_time": 34.91959517363187, "avg_checkpoint_time": 7.903230086830445, "_wandb": {"runtime": 1326}}