{"train/epoch": 30, "train/step": 28979, "train/loss": 2.0488445443334058e-05, "train/learning_rate": 1.7954728458328192e-06, "_timestamp": 1729646933.2218199, "_runtime": 4104.0238609313965, "_step": 28980, "eval/perplexity": 1.0139591693878174, "eval/loss": 0.013862728141248226, "avg_train_prep": 1.0001192251841227, "avg_train_loss": 0.00011919298449356575, "avg_eval_prep": 1.0154430905977885, "avg_eval_loss": 0.01160729235659043, "avg_epoch_time": 134.11564015159996, "avg_checkpoint_time": 0.031982168800027466, "_wandb": {"runtime": 4101}}